YEAR,SEMESTER,INSTRUCTOR,SUBJECT,NUMBER,COURSE ID,A,B,C,D,F,W
2015,Fall,"Marchiano, Michelle",ESL,D005,ESL D005,0,2,8,4,1,1
2015,Fall,"Marianetti, Noel",ESL,D005,ESL D005,9,10,3,0,0,0
2015,Fall,"Thistlethwaite, Ann",ESL,D005,ESL D005,2,7,3,0,0,0
2015,Fall,"Nguyen, Lynh",ESL,D005,ESL D005,10,9,5,0,0,0
2015,Summer,"Cabral, Lucinda",ESL,D005,ESL D005,0,0,3,1,0,15
2015,Summer,"Carrell, Tanya",ESL,D005,ESL D005,0,0,3,2,1,1
2015,Summer,"Marin, Maria",ESL,D005,ESL D005,6,3,1,1,0,6
2015,Fall,"Ormeno, Valerie",ESL,D200,ESL D200,8,7,2,0,2,5
2015,Fall,"Wong, Letty",ESL,D234,ESL D234,4,7,5,2,1,1
2015,Fall,"Boerner, Karen",ESL,D234,ESL D234,8,9,4,0,2,2
2015,Fall,"Molino-Torres, Alejandro",ESL,D234,ESL D234,3,9,11,1,0,0
2015,Summer,"Ormeno, Valerie",ESL,D234,ESL D234,13,11,0,0,0,0
2015,Fall,"Flores, Kathy",ESL,D244,ESL D244,3,7,4,0,6,2
2015,Fall,"Kohnhorst, Lisa",ESL,D244,ESL D244,4,9,5,1,0,1
2015,Fall,"Betlach, Marcy",ESL,D244,ESL D244,1,2,6,0,7,8
2015,Fall,"Hamilton, Webster",ESL,D244,ESL D244,7,13,2,1,0,1
2015,Fall,"Goodwin, Mary Ellen",ESL,D244,ESL D244,7,11,2,2,0,0
2015,Summer,"Betlach, Marcy",ESL,D244,ESL D244,1,4,1,0,0,6
2015,Summer,"Topalovic, Jasmina",ESL,D244,ESL D244,1,2,5,0,0,1
2015,Summer,"Ruumet, Marika",ESL,D244,ESL D244,1,5,4,3,0,3
2015,Fall,"Lee, Andrea",ESL,D251,ESL D251,5,5,2,0,2,2
2015,Fall,"Heistein, Gloria",ESL,D251,ESL D251,5,6,3,0,1,1
2015,Fall,"Norman, Craig",ESL,D251,ESL D251,5,3,3,1,0,1
2015,Fall,"Heistein, Gloria",ESL,D251,ESL D251,7,8,1,0,1,3
2015,Fall,"Carobus, Patricia",ESL,D251,ESL D251,5,8,0,2,0,1
2015,Fall,"Wong, Letty",ESL,D251,ESL D251,4,9,3,2,0,1
2015,Fall,"Lombardi, Amy",ESL,D251,ESL D251,3,4,0,0,0,2
2015,Summer,"Norman, Craig",ESL,D251,ESL D251,3,4,1,1,0,1
2015,Summer,"Yee, Linda",ESL,D251,ESL D251,7,5,2,1,1,2
2015,Summer,"Yee, Linda",ESL,D251,ESL D251,2,3,2,0,0,2
2015,Summer,"Cooper, Susan",ESL,D251,ESL D251,6,8,0,0,0,1
2015,Fall,"Norman, Craig",ESL,D252,ESL D252,11,3,3,3,0,0
2015,Fall,"Marianetti, Noel",ESL,D252,ESL D252,6,2,4,0,1,1
2015,Fall,"Norman, Craig",ESL,D252,ESL D252,6,3,3,0,0,4
2015,Fall,"Marianetti, Noel",ESL,D252,ESL D252,3,4,1,1,2,1
2015,Fall,"Norman, Craig",ESL,D252,ESL D252,4,3,1,0,0,2
2015,Fall,"Lombardi, Amy",ESL,D252,ESL D252,12,3,2,0,1,3
2015,Fall,"Lee, Charles",ESL,D252,ESL D252,1,9,5,0,0,1
2015,Summer,"Wong, Letty",ESL,D252,ESL D252,5,5,0,2,2,0
2015,Summer,"Wong, Letty",ESL,D252,ESL D252,4,4,0,0,1,0
2015,Summer,"Dubarry, Michele",ESL,D252,ESL D252,2,3,2,2,2,0
2015,Summer,"Cooper, Susan",ESL,D252,ESL D252,6,5,0,0,0,1
2015,Fall,"Sklyar, Angelina",ESL,D253,ESL D253,3,7,2,0,2,1
2015,Fall,"Carobus, Patricia",ESL,D253,ESL D253,5,5,2,1,1,2
2015,Fall,"Wong, Letty",ESL,D253,ESL D253,1,5,4,4,0,1
2015,Fall,"Lee, Charles",ESL,D253,ESL D253,1,2,3,0,3,0
2015,Fall,"Lam, Clara",ESL,D253,ESL D253,1,3,7,0,2,4
2015,Fall,"Lam, Clara",ESL,D253,ESL D253,1,9,4,0,1,2
2015,Fall,"Cooper, Susan",ESL,D253,ESL D253,6,7,1,2,1,0
2015,Fall,"Norman, Craig",ESL,D253,ESL D253,4,0,3,2,0,2
2015,Summer,"Lee, Charles",ESL,D253,ESL D253,0,7,6,0,3,1
2015,Summer,"Lee, Charles",ESL,D253,ESL D253,2,4,2,0,0,0
2015,Summer,"Goodwin, Mary Ellen",ESL,D253,ESL D253,6,2,2,0,0,1
2015,Summer,"Rivera, Meegan",ESL,D253,ESL D253,1,2,1,1,0,2
2015,Fall,"Bankston, Christopher",ESL,D260,ESL D260,0,0,0,0,0,1
2015,Fall,"Lee, Andrea",ESL,D261,ESL D261,0,7,6,0,0,2
2015,Fall,"Himes, Gretchen",ESL,D261,ESL D261,7,4,1,0,0,0
2015,Fall,"Norman, Craig",ESL,D261,ESL D261,4,5,4,1,1,5
2015,Fall,"Lee, Charles",ESL,D261,ESL D261,1,6,1,0,0,0
2015,Fall,"Lee, Charles",ESL,D261,ESL D261,3,5,3,0,0,0
2015,Fall,"Rivera, Meegan",ESL,D261,ESL D261,6,3,5,1,2,0
2015,Fall,"Ormeno, Valerie",ESL,D261,ESL D261,7,5,0,0,0,0
2015,Summer,"Lombardi, Amy",ESL,D261,ESL D261,4,3,3,0,1,2
2015,Summer,"Norman, Craig",ESL,D261,ESL D261,4,6,3,0,0,2
2015,Summer,"Goksel-Demir, Ebru",ESL,D261,ESL D261,2,5,2,0,1,0
2015,Fall,"Barasch-Kane, Nancy",ESL,D262,ESL D262,3,9,5,0,0,0
2015,Fall,"Tracey, Iva",ESL,D262,ESL D262,5,0,0,0,0,0
2015,Fall,"Ruumet, Marika",ESL,D262,ESL D262,9,4,2,1,2,3
2015,Fall,"Dunlap, Kathleen",ESL,D262,ESL D262,4,2,4,0,0,0
2015,Fall,"Betlach, Marcy",ESL,D262,ESL D262,0,2,4,0,2,4
2015,Fall,"Barasch-Kane, Nancy",ESL,D262,ESL D262,1,7,4,1,0,0
2015,Fall,"Marchiano, Michelle",ESL,D262,ESL D262,1,5,1,2,1,8
2015,Summer,"Hamilton, Webster",ESL,D262,ESL D262,1,3,1,1,0,0
2015,Summer,"Wong, Letty",ESL,D262,ESL D262,2,3,6,0,1,1
2015,Summer,"Collato, Lisa",ESL,D262,ESL D262,4,3,0,0,0,4
2015,Fall,"Stranahan, Sharon",ESL,D263,ESL D263,3,8,1,4,0,0
2015,Fall,"Lee, Charles",ESL,D263,ESL D263,1,5,5,0,0,1
2015,Fall,"Anderson, Elaine",ESL,D263,ESL D263,5,2,3,2,0,1
2015,Fall,"Flores, Kathy",ESL,D263,ESL D263,0,3,7,0,2,0
2015,Fall,"Newman, Cheri",ESL,D263,ESL D263,1,3,2,2,1,0
2015,Fall,"Cabral, Lucinda",ESL,D263,ESL D263,0,4,2,1,2,3
2015,Fall,"Tracey, Iva",ESL,D263,ESL D263,7,2,0,0,0,1
2015,Fall,"Chacko, Achamma",ESL,D263,ESL D263,5,1,6,0,1,2
2015,Fall,"Newman, Cheri",ESL,D263,ESL D263,3,3,3,0,3,2
2015,Fall,"Kohnhorst, Lisa",ESL,D263,ESL D263,0,2,3,0,0,1
2015,Summer,"Barasch-Kane, Nancy",ESL,D263,ESL D263,2,8,1,1,0,1
2015,Summer,"Hamilton, Webster",ESL,D263,ESL D263,1,0,3,0,0,1
2015,Summer,"Marchiano, Michelle",ESL,D263,ESL D263,0,6,3,3,4,1
2015,Fall,"Marin, Maria",ESL,D272,ESL D272,1,4,1,0,1,4
2015,Fall,"Thistlethwaite, Ann",ESL,D272,ESL D272,3,0,1,0,0,3
2015,Fall,"Marchiano, Michelle",ESL,D272,ESL D272,1,3,2,1,0,1
2015,Fall,"Marin, Maria",ESL,D272,ESL D272,4,2,2,0,1,7
2015,Fall,"Marin, Maria",ESL,D272,ESL D272,3,4,0,0,1,4
2015,Summer,"Chacko, Achamma",ESL,D272,ESL D272,1,2,2,0,1,2
2015,Summer,"Newman, Cheri",ESL,D272,ESL D272,3,2,0,0,0,2
2015,Summer,"Goodwin, Mary Ellen",ESL,D272,ESL D272,2,5,1,1,0,1
2015,Fall,"Cabral, Lucinda",ESL,D273,ESL D273,1,6,0,1,0,1
2015,Fall,"Chacko, Achamma",ESL,D273,ESL D273,2,1,1,0,0,1
2015,Fall,"Ruumet, Marika",ESL,D273,ESL D273,2,2,5,1,1,3
2015,Fall,"Tracey, Iva",ESL,D273,ESL D273,6,2,0,0,0,0
2015,Fall,"Cabral, Lucinda",ESL,D273,ESL D273,2,2,1,2,1,3
2015,Summer,"Cabral, Lucinda",ESL,D273,ESL D273,0,3,0,2,1,10
2015,Summer,"Newman, Cheri",ESL,D273,ESL D273,3,0,4,1,0,3
2015,Summer,"Boerner, Karen",ESL,D273,ESL D273,1,2,1,0,1,1
2015,Fall,"Dodd, Elizabeth",ESL,D274,ESL D274,5,6,2,0,0,2
2015,Summer,"Dubarry, Michele",ESL,D274,ESL D274,3,5,0,0,0,0
2016,Spring,"Tracey, Iva",ESL,D005,ESL D005,23,1,0,0,1,0
2016,Spring,"Tracey, Iva",ESL,D005,ESL D005,18,0,0,0,0,0
2016,Spring,"Haven, Kathleen",ESL,D005,ESL D005,11,11,0,0,0,0
2016,Spring,"Ouyang, Caroline",ESL,D005,ESL D005,6,9,2,1,0,2
2016,Spring,"Lam, Clara",ESL,D006,ESL D006,8,14,1,0,0,2
2016,Spring,"Flores, Kathy",ESL,D234,ESL D234,1,6,6,3,6,0
2016,Spring,"Kohnhorst, Lisa",ESL,D234,ESL D234,5,4,9,3,1,0
2016,Spring,"Yee, Linda",ESL,D244,ESL D244,5,7,1,2,1,1
2016,Spring,"Betlach, Marcy",ESL,D244,ESL D244,1,5,8,0,7,0
2016,Spring,"Boerner, Karen",ESL,D244,ESL D244,3,6,8,0,3,1
2016,Spring,"Molino-Torres, Alejandro",ESL,D244,ESL D244,4,7,4,5,0,1
2016,Spring,"Lee, Andrea",ESL,D251,ESL D251,3,4,5,0,1,3
2016,Spring,"Lee, Andrea",ESL,D251,ESL D251,5,4,4,0,1,0
2016,Spring,"Wong, Letty",ESL,D251,ESL D251,4,6,4,2,0,1
2016,Spring,"Yee, Linda",ESL,D251,ESL D251,0,2,1,2,1,4
2016,Spring,"Ifft, Mary Anne",ESL,D251,ESL D251,7,3,4,0,1,0
2016,Spring,"Wong, Letty",ESL,D251,ESL D251,4,5,1,2,1,1
2016,Spring,"Ormeno, Valerie",ESL,D251,ESL D251,10,5,0,0,1,1
2016,Spring,"Hamilton, Webster",ESL,D252,ESL D252,4,9,0,4,0,1
2016,Spring,"Carrell, Tanya",ESL,D252,ESL D252,5,3,2,0,0,1
2016,Spring,"Tracey, Iva",ESL,D252,ESL D252,14,1,1,0,0,1
2016,Spring,"Lee, Charles",ESL,D252,ESL D252,1,1,4,0,1,0
2016,Spring,"Lin, Li-Fen",ESL,D252,ESL D252,1,5,0,0,1,1
2016,Spring,"Dodd, Elizabeth",ESL,D252,ESL D252,8,7,2,2,1,1
2016,Spring,"Thot-Johnson, Iris",ESL,D252,ESL D252,4,5,1,0,0,1
2016,Spring,"Sklyar, Angelina",ESL,D253,ESL D253,0,5,3,0,0,0
2016,Spring,"Carobus, Patricia",ESL,D253,ESL D253,3,6,3,2,0,1
2016,Spring,"Lee, Charles",ESL,D253,ESL D253,1,8,6,0,1,0
2016,Spring,"Carrell, Tanya",ESL,D253,ESL D253,2,6,6,1,0,0
2016,Spring,"Lee, Charles",ESL,D253,ESL D253,0,6,3,0,1,0
2016,Spring,"Goodwin, Mary Ellen",ESL,D253,ESL D253,4,3,3,1,1,1
2016,Spring,"Nguyen, Lynh",ESL,D253,ESL D253,0,11,6,1,1,1
2016,Spring,"Kohnhorst, Lisa",ESL,D253,ESL D253,4,6,3,1,2,2
2016,Spring,"Lam, Clara",ESL,D260,ESL D260,0,0,0,0,0,2
2016,Spring,"Bankston, Christopher",ESL,D261,ESL D261,16,3,0,0,1,1
2016,Spring,"Wong, Letty",ESL,D261,ESL D261,4,5,2,1,1,0
2016,Spring,"Betlach, Marcy",ESL,D261,ESL D261,4,3,4,0,2,1
2016,Spring,"Wong, Letty",ESL,D261,ESL D261,2,3,2,3,1,1
2016,Spring,"Wong, Letty",ESL,D261,ESL D261,1,3,4,0,0,2
2016,Spring,"Lee, Charles",ESL,D261,ESL D261,0,6,2,0,0,1
2016,Spring,"Lee, Andrea",ESL,D261,ESL D261,2,6,5,0,0,1
2016,Spring,"Wong, Letty",ESL,D261,ESL D261,5,3,6,1,0,1
2016,Spring,"Lee, Charles",ESL,D261,ESL D261,0,4,3,0,1,1
2016,Spring,"Hamilton, Webster",ESL,D262,ESL D262,4,6,3,0,0,1
2016,Spring,"Hamilton, Webster",ESL,D262,ESL D262,9,0,0,1,0,4
2016,Spring,"Himes, Gretchen",ESL,D262,ESL D262,4,4,1,0,1,2
2016,Spring,"Marianetti, Noel",ESL,D262,ESL D262,3,3,5,0,0,0
2016,Spring,"Betlach, Marcy",ESL,D262,ESL D262,1,2,1,0,3,6
2016,Spring,"Marianetti, Noel",ESL,D262,ESL D262,6,2,4,0,1,0
2016,Spring,"Goodwin, Mary Ellen",ESL,D262,ESL D262,3,3,4,1,0,1
2016,Spring,"Goksel-Demir, Ebru",ESL,D262,ESL D262,2,1,1,0,4,2
2016,Spring,"Marianetti, Noel",ESL,D262,ESL D262,6,3,2,0,1,2
2016,Spring,"Carrell, Tanya",ESL,D263,ESL D263,7,6,6,0,0,1
2016,Spring,"Cooper, Susan",ESL,D263,ESL D263,4,2,1,2,0,0
2016,Spring,"Ruumet, Marika",ESL,D263,ESL D263,2,5,2,0,1,3
2016,Spring,"Flores, Kathy",ESL,D263,ESL D263,1,4,3,3,1,0
2016,Spring,"Newman, Cheri",ESL,D263,ESL D263,4,3,3,0,3,0
2016,Spring,"Marchiano, Michelle",ESL,D263,ESL D263,0,3,5,4,4,0
2016,Spring,"Newman, Cheri",ESL,D263,ESL D263,5,4,3,0,1,1
2016,Spring,"Culver, Matthew",ESL,D263,ESL D263,5,1,1,0,0,1
2016,Spring,"Bankston, Christopher",ESL,D263,ESL D263,5,7,0,0,2,0
2016,Spring,"Lam, Clara",ESL,D272,ESL D272,3,1,7,0,1,0
2016,Spring,"Barasch-Kane, Nancy",ESL,D272,ESL D272,5,6,1,1,0,1
2016,Spring,"Thistlethwaite, Ann",ESL,D272,ESL D272,3,2,2,0,0,2
2016,Spring,"Thistlethwaite, Ann",ESL,D272,ESL D272,2,4,0,0,0,0
2016,Spring,"Marchiano, Michelle",ESL,D272,ESL D272,1,0,7,1,2,1
2016,Spring,"Gerard, Jessica",ESL,D272,ESL D272,10,0,0,0,1,0
2016,Spring,"Marchiano, Michelle",ESL,D273,ESL D273,2,4,2,4,1,1
2016,Spring,"Ruumet, Marika",ESL,D273,ESL D273,1,2,1,2,0,2
2016,Spring,"Chai, Christine",ESL,D273,ESL D273,1,3,1,0,0,1
2016,Spring,"Chai, Christine",ESL,D273,ESL D273,4,1,0,1,1,0
2016,Spring,"Lin, Li-Fen",ESL,D273,ESL D273,0,2,4,0,0,0
2016,Spring,"Sabouri, Vida",ESL,D273,ESL D273,8,6,0,0,0,1
2016,Spring,"Dodd, Elizabeth",ESL,D274,ESL D274,6,2,1,0,0,1
2016,Winter,"Tracey, Iva",ESL,D005,ESL D005,24,1,1,0,0,0
2016,Winter,"Carobus, Patricia",ESL,D005,ESL D005,5,10,2,1,1,0
2016,Winter,"Nguyen, Lynh",ESL,D005,ESL D005,2,15,2,0,0,1
2016,Winter,"Ormeno, Valerie",ESL,D200,ESL D200,6,7,1,0,0,2
2016,Winter,"Tracey, Iva",ESL,D234,ESL D234,22,1,0,0,0,0
2016,Winter,"Kohnhorst, Lisa",ESL,D234,ESL D234,10,9,3,2,0,0
2016,Winter,"Molino-Torres, Alejandro",ESL,D234,ESL D234,2,7,11,0,1,1
2016,Winter,"Flores, Kathy",ESL,D244,ESL D244,2,8,3,0,4,1
2016,Winter,"Yee, Linda",ESL,D244,ESL D244,1,7,2,3,1,2
2016,Winter,"Betlach, Marcy",ESL,D244,ESL D244,4,1,11,0,4,5
2016,Winter,"Chai, Christine",ESL,D244,ESL D244,14,7,2,0,0,0
2016,Winter,"Wong, Letty",ESL,D251,ESL D251,4,6,2,2,1,3
2016,Winter,"Wong, Letty",ESL,D251,ESL D251,3,3,3,3,1,0
2016,Winter,"Wong, Letty",ESL,D251,ESL D251,3,10,1,0,1,2
2016,Winter,"Norman, Craig",ESL,D251,ESL D251,2,5,4,0,1,0
2016,Winter,"Marin, Maria",ESL,D251,ESL D251,5,5,1,0,0,3
2016,Winter,"Marianetti, Noel",ESL,D251,ESL D251,7,5,3,2,1,0
2016,Winter,"Carrell, Tanya",ESL,D251,ESL D251,10,9,1,0,0,1
2016,Winter,"Hamilton, Webster",ESL,D251,ESL D251,12,3,0,0,0,4
2016,Winter,"Hamilton, Webster",ESL,D252,ESL D252,9,6,0,1,1,1
2016,Winter,"Hamilton, Webster",ESL,D252,ESL D252,6,7,1,0,0,0
2016,Winter,"Norman, Craig",ESL,D252,ESL D252,1,4,4,1,2,0
2016,Winter,"Lee, Charles",ESL,D252,ESL D252,0,5,0,0,3,2
2016,Winter,"Newman, Cheri",ESL,D252,ESL D252,2,6,3,1,1,1
2016,Winter,"Lee, Charles",ESL,D252,ESL D252,1,6,4,0,4,1
2016,Winter,"Lee, Andrea",ESL,D252,ESL D252,5,8,1,0,0,5
2016,Winter,"Sklyar, Angelina",ESL,D253,ESL D253,7,3,3,1,1,4
2016,Winter,"Norman, Craig",ESL,D253,ESL D253,4,8,4,2,0,1
2016,Winter,"Lee, Charles",ESL,D253,ESL D253,1,4,3,0,4,2
2016,Winter,"Cooper, Susan",ESL,D253,ESL D253,7,4,0,0,0,0
2016,Winter,"Lam, Clara",ESL,D253,ESL D253,4,9,2,0,3,2
2016,Winter,"Lee, Charles",ESL,D253,ESL D253,3,7,2,0,2,0
2016,Winter,"Boerner, Karen",ESL,D253,ESL D253,6,3,6,0,2,1
2016,Winter,"Culver, Matthew",ESL,D260,ESL D260,0,0,0,0,0,1
2016,Winter,"Norman, Craig",ESL,D261,ESL D261,4,5,3,0,1,1
2016,Winter,"Norman, Craig",ESL,D261,ESL D261,3,5,2,2,0,0
2016,Winter,"Lee, Charles",ESL,D261,ESL D261,1,1,2,0,2,0
2016,Winter,"Heistein, Gloria",ESL,D261,ESL D261,5,7,3,0,0,0
2016,Winter,"Betlach, Marcy",ESL,D261,ESL D261,1,4,3,0,1,0
2016,Winter,"Himes, Gretchen",ESL,D261,ESL D261,12,1,1,1,0,1
2016,Winter,"Betlach, Marcy",ESL,D261,ESL D261,3,5,3,0,3,1
2016,Winter,"Newman, Cheri",ESL,D261,ESL D261,3,5,2,0,0,4
2016,Winter,"Barasch-Kane, Nancy",ESL,D262,ESL D262,2,4,3,1,0,0
2016,Winter,"Wong, Letty",ESL,D262,ESL D262,0,6,6,3,2,1
2016,Winter,"Tracey, Iva",ESL,D262,ESL D262,9,0,0,1,1,0
2016,Winter,"Wong, Letty",ESL,D262,ESL D262,2,0,6,2,0,0
2016,Winter,"Dunlap, Kathleen",ESL,D262,ESL D262,2,2,2,0,0,1
2016,Winter,"Wong, Letty",ESL,D262,ESL D262,0,2,2,2,1,1
2016,Winter,"Nguyen, Lynh",ESL,D262,ESL D262,8,4,2,1,4,0
2016,Winter,"Boerner, Karen",ESL,D262,ESL D262,5,4,4,0,3,0
2016,Winter,"Stranahan, Sharon",ESL,D263,ESL D263,2,3,1,4,0,0
2016,Winter,"Kohnhorst, Lisa",ESL,D263,ESL D263,1,3,3,2,0,1
2016,Winter,"Anderson, Elaine",ESL,D263,ESL D263,11,2,2,1,1,1
2016,Winter,"Flores, Kathy",ESL,D263,ESL D263,1,4,5,2,3,0
2016,Winter,"Lam, Clara",ESL,D263,ESL D263,5,3,2,0,3,1
2016,Winter,"Lam, Clara",ESL,D263,ESL D263,3,6,3,0,1,2
2016,Winter,"Stranahan, Sharon",ESL,D263,ESL D263,3,6,1,0,2,0
2016,Winter,"Newman, Cheri",ESL,D263,ESL D263,1,3,2,1,2,1
2016,Winter,"Lombardi, Amy",ESL,D263,ESL D263,3,3,3,0,1,0
2016,Winter,"Marin, Maria",ESL,D272,ESL D272,2,6,2,0,0,6
2016,Winter,"Marin, Maria",ESL,D272,ESL D272,5,3,1,0,1,3
2016,Winter,"Marin, Maria",ESL,D272,ESL D272,4,0,1,0,0,7
2016,Winter,"Thistlethwaite, Ann",ESL,D272,ESL D272,2,2,1,0,0,1
2016,Winter,"Marianetti, Noel",ESL,D272,ESL D272,1,4,1,0,1,1
2016,Winter,"Goodwin, Mary Ellen",ESL,D272,ESL D272,2,4,1,0,0,2
2016,Winter,"Goodwin, Mary Ellen",ESL,D272,ESL D272,3,3,3,0,1,2
2016,Winter,"Yee, Linda",ESL,D273,ESL D273,5,0,1,1,1,1
2016,Winter,"Ruumet, Marika",ESL,D273,ESL D273,3,5,2,0,1,3
2016,Winter,"Ruumet, Marika",ESL,D273,ESL D273,1,3,3,1,0,3
2016,Winter,"Chacko, Achamma",ESL,D273,ESL D273,2,3,0,0,1,1
2016,Winter,"Chacko, Achamma",ESL,D273,ESL D273,1,2,2,1,0,0
2016,Winter,"Cabral, Lucinda",ESL,D273,ESL D273,1,4,1,2,0,3
2016,Winter,"Cabral, Lucinda",ESL,D273,ESL D273,2,6,0,0,0,0
2016,Winter,"Dodd, Elizabeth",ESL,D274,ESL D274,8,2,2,0,0,2
2016,Fall,"Lam, Clara",ESL,D005,ESL D005,8,8,3,0,4,1
2016,Fall,"Goodwin, Mary Ellen",ESL,D005,ESL D005,8,7,3,0,0,1
2016,Fall,"Tracey, Iva",ESL,D005,ESL D005,19,2,1,0,0,3
2016,Fall,"Marchiano, Michelle",ESL,D005,ESL D005,2,8,4,2,2,6
2016,Fall,"Boerner, Karen",ESL,D200,ESL D200,11,8,5,0,1,0
2016,Fall,"Tracey, Iva",ESL,D234,ESL D234,22,2,1,0,0,1
2016,Fall,"Ormeno, Valerie",ESL,D234,ESL D234,10,2,4,0,3,2
2016,Fall,"Molino-Torres, Alejandro",ESL,D234,ESL D234,2,8,8,5,1,1
2016,Fall,"Yee, Linda",ESL,D244,ESL D244,6,4,3,0,1,3
2016,Fall,"Dubarry, Michele",ESL,D244,ESL D244,5,6,7,1,1,2
2016,Fall,"Carobus, Patricia",ESL,D244,ESL D244,10,3,4,3,1,1
2016,Fall,"Kohnhorst, Lisa",ESL,D244,ESL D244,8,7,5,0,0,0
2016,Fall,"Cabral, Lucinda",ESL,D244,ESL D244,8,7,3,0,0,4
2016,Fall,"Lee, Andrea",ESL,D251,ESL D251,5,11,1,0,0,4
2016,Fall,"Norman, Craig",ESL,D251,ESL D251,2,6,4,2,0,3
2016,Fall,"Heistein, Gloria",ESL,D251,ESL D251,7,5,3,0,1,4
2016,Fall,"Newman, Cheri",ESL,D251,ESL D251,5,2,0,0,2,2
2016,Fall,"Wong, Letty",ESL,D251,ESL D251,5,8,2,2,1,0
2016,Fall,"Marin, Maria",ESL,D251,ESL D251,5,7,7,0,0,3
2016,Fall,"Wong, Letty",ESL,D251,ESL D251,7,5,4,1,1,0
2016,Fall,"Nguyen, Lynh",ESL,D252,ESL D252,2,4,4,0,1,2
2016,Fall,"Norman, Craig",ESL,D252,ESL D252,5,6,4,4,1,0
2016,Fall,"Tung, Chia",ESL,D252,ESL D252,4,5,0,0,5,0
2016,Fall,"Norman, Craig",ESL,D252,ESL D252,4,8,1,0,0,4
2016,Fall,"Hamilton, Webster",ESL,D252,ESL D252,9,5,0,1,0,0
2016,Fall,"Dodd, Elizabeth",ESL,D252,ESL D252,8,6,2,0,0,2
2016,Fall,"Bankston, Christopher",ESL,D252,ESL D252,9,5,1,1,1,0
2016,Fall,"Norman, Craig",ESL,D253,ESL D253,6,10,3,1,0,1
2016,Fall,"Sklyar, Angelina",ESL,D253,ESL D253,3,3,4,0,0,5
2016,Fall,"Dodd, Elizabeth",ESL,D253,ESL D253,5,4,3,0,0,0
2016,Fall,"Nguyen, Lynh",ESL,D253,ESL D253,0,12,8,1,3,0
2016,Fall,"Goksel-Demir, Ebru",ESL,D253,ESL D253,3,6,5,0,2,1
2016,Fall,"Cooper, Susan",ESL,D253,ESL D253,2,4,1,2,0,0
2016,Fall,"Carrell, Tanya",ESL,D253,ESL D253,5,9,1,1,1,3
2016,Fall,"Culver, Matthew",ESL,D253,ESL D253,1,9,4,0,0,1
2016,Fall,"Lam, Clara",ESL,D260,ESL D260,0,0,0,0,0,0
2016,Fall,"Hamilton, Webster",ESL,D261,ESL D261,9,8,0,0,0,2
2016,Fall,"Wong, Letty",ESL,D261,ESL D261,5,3,0,0,0,0
2016,Fall,"Norman, Craig",ESL,D261,ESL D261,8,6,1,0,0,2
2016,Fall,"Norman, Craig",ESL,D261,ESL D261,4,5,3,1,0,0
2016,Fall,"Wong, Letty",ESL,D261,ESL D261,3,8,2,1,0,0
2016,Fall,"Wong, Letty",ESL,D261,ESL D261,4,2,2,0,2,3
2016,Fall,"Ormeno, Valerie",ESL,D261,ESL D261,8,3,0,0,0,0
2016,Fall,"Barasch-Kane, Nancy",ESL,D262,ESL D262,2,7,3,1,0,2
2016,Fall,"Lee, Andrea",ESL,D262,ESL D262,1,5,6,1,1,2
2016,Fall,"Himes, Gretchen",ESL,D262,ESL D262,8,1,1,1,1,1
2016,Fall,"Himes, Gretchen",ESL,D262,ESL D262,2,1,1,0,0,0
2016,Fall,"Heistein, Gloria",ESL,D262,ESL D262,4,3,3,1,1,2
2016,Fall,"Barasch-Kane, Nancy",ESL,D262,ESL D262,1,4,0,0,0,1
2016,Fall,"Bankston, Christopher",ESL,D262,ESL D262,8,7,0,0,0,2
2016,Fall,"Stranahan, Sharon",ESL,D263,ESL D263,2,7,1,2,1,2
2016,Fall,"Carobus, Patricia",ESL,D263,ESL D263,4,5,2,0,0,0
2016,Fall,"Anderson, Elaine",ESL,D263,ESL D263,4,8,5,2,3,2
2016,Fall,"Kohnhorst, Lisa",ESL,D263,ESL D263,3,2,5,2,0,0
2016,Fall,"Newman, Cheri",ESL,D263,ESL D263,0,3,2,0,1,1
2016,Fall,"Marchiano, Michelle",ESL,D263,ESL D263,1,5,3,1,2,3
2016,Fall,"Haven, Kathleen",ESL,D263,ESL D263,10,6,0,0,0,0
2016,Fall,"Goodwin, Mary Ellen",ESL,D263,ESL D263,3,6,6,0,0,0
2016,Fall,"Newman, Cheri",ESL,D263,ESL D263,1,5,1,0,3,0
2016,Fall,"Marchiano, Michelle",ESL,D272,ESL D272,3,2,2,2,1,3
2016,Fall,"Marin, Maria",ESL,D272,ESL D272,6,1,1,0,0,4
2016,Fall,"Marin, Maria",ESL,D272,ESL D272,0,2,1,0,0,3
2016,Fall,"Thistlethwaite, Ann",ESL,D272,ESL D272,0,1,2,0,1,1
2016,Fall,"Goodwin, Mary Ellen",ESL,D272,ESL D272,4,2,1,3,0,1
2016,Fall,"Tung, Chia",ESL,D273,ESL D273,4,2,0,4,1,0
2016,Fall,"Ruumet, Marika",ESL,D273,ESL D273,2,0,3,3,2,1
2016,Fall,"Ruumet, Marika",ESL,D273,ESL D273,6,1,1,2,0,0
2016,Fall,"Yee, Linda",ESL,D273,ESL D273,4,3,0,0,1,7
2016,Fall,"Sabouri, Vida",ESL,D273,ESL D273,5,3,0,0,1,1
2016,Summer,"Carrell, Tanya",ESL,D005,ESL D005,5,8,1,0,0,1
2016,Summer,"Lombardi, Amy",ESL,D005,ESL D005,2,3,3,0,1,1
2016,Summer,"Ormeno, Valerie",ESL,D234,ESL D234,8,7,4,0,1,0
2016,Summer,"Betlach, Marcy",ESL,D244,ESL D244,3,4,5,0,1,1
2016,Summer,"Molino-Torres, Alejandro",ESL,D244,ESL D244,1,11,3,1,0,0
2016,Summer,"Ruumet, Marika",ESL,D244,ESL D244,4,6,4,2,1,0
2016,Summer,"Norman, Craig",ESL,D251,ESL D251,2,11,4,0,0,1
2016,Summer,"Wong, Letty",ESL,D251,ESL D251,0,1,0,0,1,0
2016,Summer,"Wong, Letty",ESL,D251,ESL D251,4,2,1,0,0,2
2016,Summer,"Cooper, Susan",ESL,D251,ESL D251,4,4,1,0,3,2
2016,Summer,"Marin, Maria",ESL,D252,ESL D252,3,2,2,0,1,2
2016,Summer,"Marin, Maria",ESL,D252,ESL D252,4,0,0,0,0,0
2016,Summer,"Marin, Maria",ESL,D252,ESL D252,1,6,0,0,0,1
2016,Summer,"Boerner, Karen",ESL,D252,ESL D252,2,5,2,0,4,2
2016,Summer,"Lee, Charles",ESL,D253,ESL D253,3,7,3,0,0,1
2016,Summer,"Lee, Charles",ESL,D253,ESL D253,0,4,1,0,0,1
2016,Summer,"Goodwin, Mary Ellen",ESL,D253,ESL D253,2,2,1,1,0,3
2016,Summer,"Boerner, Karen",ESL,D253,ESL D253,2,2,3,0,0,1
2016,Summer,"Cabral, Lucinda",ESL,D261,ESL D261,10,3,0,0,0,0
2016,Summer,"Norman, Craig",ESL,D261,ESL D261,5,3,3,0,0,0
2016,Summer,"Cooper, Susan",ESL,D261,ESL D261,3,4,0,0,0,0
2016,Summer,"Collato, Lisa",ESL,D262,ESL D262,12,1,0,0,0,0
2016,Summer,"Collato, Lisa",ESL,D262,ESL D262,3,4,0,1,1,0
2016,Summer,"Panus, Marta",ESL,D262,ESL D262,8,3,0,0,0,0
2016,Summer,"Hamilton, Webster",ESL,D263,ESL D263,0,2,1,0,1,1
2016,Summer,"Hamilton, Webster",ESL,D263,ESL D263,2,3,1,0,0,0
2016,Summer,"Sabouri, Vida",ESL,D263,ESL D263,4,3,0,3,0,6
2016,Summer,"Marianetti, Noel",ESL,D272,ESL D272,3,4,4,2,0,0
2016,Summer,"Marianetti, Noel",ESL,D272,ESL D272,5,5,2,0,0,1
2016,Summer,"Goodwin, Mary Ellen",ESL,D272,ESL D272,1,0,0,1,0,0
2016,Summer,"Carrell, Tanya",ESL,D273,ESL D273,1,5,4,0,0,1
2016,Summer,"Newman, Cheri",ESL,D273,ESL D273,2,2,1,1,0,1
2016,Summer,"Newman, Cheri",ESL,D273,ESL D273,4,3,1,0,0,0
2016,Summer,"Dubarry, Michele",ESL,D274,ESL D274,1,5,0,1,0,0
2017,Spring,"Marchiano, Michelle",ESL,D005,ESL D005,3,12,2,2,1,1
2017,Spring,"Boyd, Cristin",ESL,D005,ESL D005,2,6,6,1,1,1
2017,Spring,"Tracey, Iva",ESL,D005,ESL D005,22,4,1,0,0,1
2017,Spring,"Ouyang, Caroline",ESL,D005,ESL D005,4,4,1,0,3,2
2017,Spring,"Lam, Clara",ESL,D006,ESL D006,8,8,1,0,1,3
2017,Spring,"Tracey, Iva",ESL,D234,ESL D234,20,2,1,0,0,0
2017,Spring,"Carobus, Patricia",ESL,D234,ESL D234,8,7,4,0,2,2
2017,Spring,"Flores, Kathy",ESL,D244,ESL D244,5,6,3,2,2,0
2017,Spring,"Kohnhorst, Lisa",ESL,D244,ESL D244,4,8,1,0,0,1
2017,Spring,"Betlach, Marcy",ESL,D244,ESL D244,1,4,7,0,5,3
2017,Spring,"Lam, Clara",ESL,D244,ESL D244,7,5,4,0,0,1
2017,Spring,"Molino-Torres, Alejandro",ESL,D244,ESL D244,0,14,5,1,1,3
2017,Spring,"Lee, Andrea",ESL,D251,ESL D251,9,2,2,0,1,0
2017,Spring,"Wong, Letty",ESL,D251,ESL D251,3,2,2,3,0,1
2017,Spring,"Wong, Letty",ESL,D251,ESL D251,10,6,2,1,1,0
2017,Spring,"Wong, Letty",ESL,D251,ESL D251,3,6,5,1,0,2
2017,Spring,"Tung, Chia",ESL,D251,ESL D251,8,4,2,0,0,1
2017,Spring,"Marin, Maria",ESL,D251,ESL D251,8,8,1,0,1,2
2017,Spring,"Yee, Linda",ESL,D251,ESL D251,3,2,0,2,0,4
2017,Spring,"Norman, Craig",ESL,D252,ESL D252,3,6,1,1,2,0
2017,Spring,"Cooper, Susan",ESL,D252,ESL D252,7,3,2,0,1,1
2017,Spring,"Heistein, Gloria",ESL,D252,ESL D252,7,4,1,0,0,4
2017,Spring,"Lee, Charles",ESL,D252,ESL D252,8,0,5,0,3,1
2017,Spring,"Norman, Craig",ESL,D252,ESL D252,4,6,6,1,3,0
2017,Spring,"Tracey, Iva",ESL,D252,ESL D252,9,5,0,0,0,0
2017,Spring,"Thot-Johnson, Iris",ESL,D252,ESL D252,9,6,0,0,1,3
2017,Spring,"Carobus, Patricia",ESL,D253,ESL D253,5,7,1,2,4,0
2017,Spring,"Norman, Craig",ESL,D253,ESL D253,5,9,4,0,1,0
2017,Spring,"Lam, Clara",ESL,D253,ESL D253,4,9,1,0,6,2
2017,Spring,"Himes, Gretchen",ESL,D253,ESL D253,6,8,4,0,2,0
2017,Spring,"Boerner, Karen",ESL,D253,ESL D253,4,6,4,0,1,2
2017,Spring,"Kohnhorst, Lisa",ESL,D253,ESL D253,3,6,0,4,0,2
2017,Spring,"Dubarry, Michele",ESL,D260,ESL D260,0,0,0,0,0,0
2017,Spring,"Bankston, Christopher",ESL,D261,ESL D261,4,6,4,0,0,1
2017,Spring,"Wong, Letty",ESL,D261,ESL D261,6,2,5,1,0,2
2017,Spring,"Lee, Charles",ESL,D261,ESL D261,1,7,6,0,1,1
2017,Spring,"Lee, Charles",ESL,D261,ESL D261,1,2,2,0,2,1
2017,Spring,"Wong, Letty",ESL,D261,ESL D261,6,5,4,1,0,1
2017,Spring,"Ormeno, Valerie",ESL,D261,ESL D261,8,0,1,0,0,2
2017,Spring,"Ormeno, Valerie",ESL,D261,ESL D261,4,2,3,0,3,2
2017,Spring,"Lee, Charles",ESL,D261,ESL D261,2,3,6,0,1,0
2017,Spring,"Lee, Charles",ESL,D261,ESL D261,1,12,5,0,3,0
2017,Spring,"Betlach, Marcy",ESL,D262,ESL D262,1,3,2,0,2,3
2017,Spring,"Sklyar, Angelina",ESL,D262,ESL D262,5,4,2,0,1,0
2017,Spring,"Heistein, Gloria",ESL,D262,ESL D262,7,5,0,1,0,0
2017,Spring,"Wong, Letty",ESL,D262,ESL D262,1,0,4,0,0,0
2017,Spring,"Betlach, Marcy",ESL,D262,ESL D262,1,1,3,0,2,9
2017,Spring,"Norman, Craig",ESL,D262,ESL D262,3,0,1,0,0,0
2017,Spring,"Cabral, Lucinda",ESL,D262,ESL D262,4,9,6,0,0,3
2017,Spring,"Goodwin, Mary Ellen",ESL,D262,ESL D262,3,1,0,1,3,2
2017,Spring,"Tracey, Iva",ESL,D262,ESL D262,4,3,0,0,1,1
2017,Spring,"Lee, Andrea",ESL,D263,ESL D263,5,3,4,0,1,0
2017,Spring,"Culver, Matthew",ESL,D263,ESL D263,5,3,3,0,0,1
2017,Spring,"Hamilton, Webster",ESL,D263,ESL D263,1,2,1,0,0,0
2017,Spring,"Flores, Kathy",ESL,D263,ESL D263,0,2,7,2,2,2
2017,Spring,"Newman, Cheri",ESL,D263,ESL D263,3,4,2,0,1,2
2017,Spring,"Carrell, Tanya",ESL,D263,ESL D263,4,5,0,0,1,3
2017,Spring,"Hamilton, Webster",ESL,D263,ESL D263,0,2,0,0,0,0
2017,Spring,"Newman, Cheri",ESL,D263,ESL D263,3,1,1,0,0,0
2017,Spring,"Nguyen, Lynh",ESL,D263,ESL D263,0,2,6,1,1,1
2017,Spring,"Ruumet, Marika",ESL,D272,ESL D272,4,1,4,1,1,2
2017,Spring,"Marin, Maria",ESL,D272,ESL D272,2,1,1,0,0,3
2017,Spring,"Barasch-Kane, Nancy",ESL,D272,ESL D272,2,5,1,2,1,3
2017,Spring,"Marin, Maria",ESL,D272,ESL D272,3,4,2,1,0,8
2017,Spring,"Marin, Maria",ESL,D272,ESL D272,2,2,1,1,0,3
2017,Spring,"Thistlethwaite, Ann",ESL,D272,ESL D272,1,1,0,1,0,1
2017,Spring,"Bankston, Christopher",ESL,D272,ESL D272,8,5,2,0,0,1
2017,Spring,"Stranahan, Sharon",ESL,D273,ESL D273,2,4,1,3,0,1
2017,Spring,"Marchiano, Michelle",ESL,D273,ESL D273,1,5,2,3,0,3
2017,Spring,"Yee, Linda",ESL,D273,ESL D273,6,3,3,0,0,3
2017,Spring,"Thistlethwaite, Ann",ESL,D273,ESL D273,4,2,1,0,1,0
2017,Spring,"Yee, Linda",ESL,D273,ESL D273,1,4,3,0,0,2
2017,Spring,"Haven, Kathleen",ESL,D273,ESL D273,8,1,0,0,1,0
2017,Spring,"Tung, Chia",ESL,D273,ESL D273,9,6,0,1,0,0
2017,Spring,"Dubarry, Michele",ESL,D274,ESL D274,7,5,2,1,0,0
2017,Winter,"Carrell, Tanya",ESL,D005,ESL D005,4,4,6,1,0,0
2017,Winter,"Tracey, Iva",ESL,D005,ESL D005,22,4,1,0,0,1
2017,Winter,"Ouyang, Caroline",ESL,D005,ESL D005,4,3,3,3,3,1
2017,Winter,"Boerner, Karen",ESL,D200,ESL D200,5,5,5,0,2,0
2017,Winter,"Flores, Kathy",ESL,D234,ESL D234,2,9,6,1,3,0
2017,Winter,"Kohnhorst, Lisa",ESL,D234,ESL D234,8,3,9,1,3,0
2017,Winter,"Ormeno, Valerie",ESL,D234,ESL D234,9,10,3,0,0,1
2017,Winter,"Heistein, Gloria",ESL,D244,ESL D244,7,8,6,0,1,1
2017,Winter,"Betlach, Marcy",ESL,D244,ESL D244,3,6,7,0,5,1
2017,Winter,"Carobus, Patricia",ESL,D244,ESL D244,7,6,3,0,1,0
2017,Winter,"Molino-Torres, Alejandro",ESL,D244,ESL D244,1,9,5,2,1,1
2017,Winter,"Wong, Letty",ESL,D251,ESL D251,1,2,1,2,1,2
2017,Winter,"Wong, Letty",ESL,D251,ESL D251,7,5,5,0,1,3
2017,Winter,"Wong, Letty",ESL,D251,ESL D251,9,4,5,1,0,3
2017,Winter,"Norman, Craig",ESL,D251,ESL D251,2,7,5,1,0,1
2017,Winter,"Yee, Linda",ESL,D251,ESL D251,4,4,2,0,1,4
2017,Winter,"Bankston, Christopher",ESL,D251,ESL D251,5,10,3,0,0,1
2017,Winter,"Cooper, Susan",ESL,D251,ESL D251,3,3,0,1,0,2
2017,Winter,"Hamilton, Webster",ESL,D251,ESL D251,6,1,0,0,1,4
2017,Winter,"Sklyar, Angelina",ESL,D252,ESL D252,7,3,2,2,3,3
2017,Winter,"Norman, Craig",ESL,D252,ESL D252,8,8,3,0,1,0
2017,Winter,"Hamilton, Webster",ESL,D252,ESL D252,4,6,3,1,0,2
2017,Winter,"Norman, Craig",ESL,D252,ESL D252,4,7,3,0,1,2
2017,Winter,"Tracey, Iva",ESL,D252,ESL D252,9,5,2,0,0,0
2017,Winter,"Haven, Kathleen",ESL,D252,ESL D252,6,3,2,0,1,1
2017,Winter,"Lee, Charles",ESL,D252,ESL D252,2,8,2,0,1,0
2017,Winter,"Carobus, Patricia",ESL,D253,ESL D253,6,8,1,2,1,1
2017,Winter,"Norman, Craig",ESL,D253,ESL D253,4,2,4,1,0,3
2017,Winter,"Cooper, Susan",ESL,D253,ESL D253,7,6,1,2,0,1
2017,Winter,"Lee, Charles",ESL,D253,ESL D253,2,6,5,0,2,1
2017,Winter,"Newman, Cheri",ESL,D253,ESL D253,4,2,6,1,2,6
2017,Winter,"Lam, Clara",ESL,D253,ESL D253,0,5,3,0,1,0
2017,Winter,"Kohnhorst, Lisa",ESL,D253,ESL D253,5,4,3,1,0,3
2017,Winter,"Culver, Matthew",ESL,D260,ESL D260,0,0,0,0,0,0
2017,Winter,"Wong, Letty",ESL,D261,ESL D261,12,1,4,0,1,2
2017,Winter,"Norman, Craig",ESL,D261,ESL D261,7,4,6,0,1,0
2017,Winter,"Norman, Craig",ESL,D261,ESL D261,2,7,3,0,0,3
2017,Winter,"Wong, Letty",ESL,D261,ESL D261,7,2,6,2,0,0
2017,Winter,"Wong, Letty",ESL,D261,ESL D261,2,4,3,2,4,3
2017,Winter,"Lee, Charles",ESL,D261,ESL D261,1,5,1,0,1,0
2017,Winter,"Lee, Andrea",ESL,D261,ESL D261,4,10,1,0,1,3
2017,Winter,"Bankston, Christopher",ESL,D261,ESL D261,8,2,3,0,0,1
2017,Winter,"Himes, Gretchen",ESL,D262,ESL D262,14,0,1,0,2,1
2017,Winter,"Tracey, Iva",ESL,D262,ESL D262,8,3,2,0,2,1
2017,Winter,"Tung, Chia",ESL,D262,ESL D262,11,7,1,0,2,1
2017,Winter,"Betlach, Marcy",ESL,D262,ESL D262,4,0,1,0,1,8
2017,Winter,"Betlach, Marcy",ESL,D262,ESL D262,1,3,4,0,4,3
2017,Winter,"Nguyen, Lynh",ESL,D262,ESL D262,1,7,1,1,3,4
2017,Winter,"Haven, Kathleen",ESL,D262,ESL D262,11,4,1,1,0,3
2017,Winter,"Tung, Chia",ESL,D262,ESL D262,7,3,3,0,1,1
2017,Winter,"Carrell, Tanya",ESL,D263,ESL D263,3,9,3,0,2,1
2017,Winter,"Hamilton, Webster",ESL,D263,ESL D263,9,2,0,3,2,3
2017,Winter,"Lee, Charles",ESL,D263,ESL D263,1,6,5,0,1,1
2017,Winter,"Flores, Kathy",ESL,D263,ESL D263,2,4,6,1,2,2
2017,Winter,"Lee, Charles",ESL,D263,ESL D263,1,4,2,0,0,1
2017,Winter,"Hamilton, Webster",ESL,D263,ESL D263,1,2,6,0,0,0
2017,Winter,"Goodwin, Mary Ellen",ESL,D263,ESL D263,5,5,5,0,1,3
2017,Winter,"Newman, Cheri",ESL,D263,ESL D263,5,6,1,0,2,1
2017,Winter,"Nguyen, Lynh",ESL,D263,ESL D263,1,4,5,1,4,1
2017,Winter,"Lam, Clara",ESL,D272,ESL D272,3,5,1,0,0,3
2017,Winter,"Lam, Clara",ESL,D272,ESL D272,3,6,3,0,1,0
2017,Winter,"Thistlethwaite, Ann",ESL,D272,ESL D272,4,0,2,0,0,0
2017,Winter,"Thistlethwaite, Ann",ESL,D272,ESL D272,5,0,0,0,0,0
2017,Winter,"Ruumet, Marika",ESL,D272,ESL D272,3,2,3,0,0,0
2017,Winter,"Cabral, Lucinda",ESL,D272,ESL D272,2,4,1,1,1,3
2017,Winter,"Goodwin, Mary Ellen",ESL,D272,ESL D272,3,1,4,0,0,2
2017,Winter,"Tracey, Iva",ESL,D273,ESL D273,9,1,0,0,0,1
2017,Winter,"Yee, Linda",ESL,D273,ESL D273,2,1,3,3,1,1
2017,Winter,"Yee, Linda",ESL,D273,ESL D273,1,2,2,0,1,1
2017,Winter,"Ruumet, Marika",ESL,D273,ESL D273,1,2,3,0,1,2
2017,Winter,"Boyd, Cristin",ESL,D273,ESL D273,0,4,1,0,1,1
2017,Winter,"Carrell, Tanya",ESL,D273,ESL D273,0,4,2,0,0,1
2017,Winter,"Cabral, Lucinda",ESL,D273,ESL D273,1,7,0,0,0,4
2017,Winter,"Cabral, Lucinda",ESL,D274,ESL D274,1,2,3,0,0,0
2017,Fall,"Marchiano, Michelle",ESL,D005,ESL D005,2,5,5,2,2,5
2017,Fall,"Marchiano, Michelle",ESL,D005,ESL D005,0,6,6,0,1,2
2017,Fall,"Tracey, Iva",ESL,D005,ESL D005,25,2,1,0,0,1
2017,Fall,"Ouyang, Caroline",ESL,D005,ESL D005,6,8,3,0,0,3
2017,Fall,"Wong, Letty",ESL,D200,ESL D200,3,7,2,1,0,1
2017,Fall,"Tracey, Iva",ESL,D234,ESL D234,18,2,0,0,0,1
2017,Fall,"Carobus, Patricia",ESL,D234,ESL D234,11,10,0,1,1,1
2017,Fall,"Molino-Torres, Alejandro",ESL,D234,ESL D234,3,6,14,1,0,0
2017,Fall,"Cabral, Lucinda",ESL,D244,ESL D244,1,12,4,1,1,1
2017,Fall,"Ormeno, Valerie",ESL,D244,ESL D244,5,3,2,0,3,1
2017,Fall,"Yee, Linda",ESL,D244,ESL D244,4,12,4,2,1,0
2017,Fall,"Kohnhorst, Lisa",ESL,D244,ESL D244,4,5,4,1,1,1
2017,Fall,"Boerner, Karen",ESL,D244,ESL D244,12,8,3,0,0,1
2017,Fall,"Nguyen, Lynh",ESL,D251,ESL D251,4,9,4,2,2,0
2017,Fall,"Wong, Letty",ESL,D251,ESL D251,4,4,2,2,0,4
2017,Fall,"Lee, Andrea",ESL,D251,ESL D251,7,7,1,0,2,1
2017,Fall,"Wong, Letty",ESL,D251,ESL D251,2,9,3,1,0,1
2017,Fall,"Norman, Craig",ESL,D251,ESL D251,5,9,4,0,0,0
2017,Fall,"Marin, Maria",ESL,D251,ESL D251,8,3,0,0,0,4
2017,Fall,"Tung, Chia",ESL,D251,ESL D251,6,3,1,1,0,2
2017,Fall,"Sklyar, Angelina",ESL,D252,ESL D252,4,7,0,0,3,1
2017,Fall,"Hamilton, Webster",ESL,D252,ESL D252,12,5,2,0,0,1
2017,Fall,"Tung, Chia",ESL,D252,ESL D252,8,3,3,1,3,4
2017,Fall,"Norman, Craig",ESL,D252,ESL D252,6,3,2,0,2,1
2017,Fall,"Hamilton, Webster",ESL,D252,ESL D252,12,7,1,0,0,0
2017,Fall,"Thot-Johnson, Iris",ESL,D252,ESL D252,10,6,5,1,0,0
2017,Fall,"Newman, Cheri",ESL,D252,ESL D252,2,6,4,2,1,3
2017,Fall,"Carrell, Tanya",ESL,D253,ESL D253,2,5,3,0,0,4
2017,Fall,"Norman, Craig",ESL,D253,ESL D253,4,10,1,0,0,2
2017,Fall,"Boerner, Karen",ESL,D253,ESL D253,6,1,3,0,1,1
2017,Fall,"Himes, Gretchen",ESL,D253,ESL D253,7,5,2,0,0,1
2017,Fall,"Haven, Kathleen",ESL,D253,ESL D253,20,1,0,0,2,0
2017,Fall,"Kohnhorst, Lisa",ESL,D253,ESL D253,4,5,7,2,0,1
2017,Fall,"Newman, Cheri",ESL,D253,ESL D253,1,7,3,1,0,2
2017,Fall,"Goodwin, Mary Ellen",ESL,D253,ESL D253,6,6,2,0,0,3
2017,Fall,"Dubarry, Michele",ESL,D260,ESL D260,0,0,0,0,0,1
2017,Fall,"Bankston, Christopher",ESL,D261,ESL D261,6,3,4,0,3,0
2017,Fall,"Lee, Andrea",ESL,D261,ESL D261,9,7,2,0,1,0
2017,Fall,"Norman, Craig",ESL,D261,ESL D261,10,6,1,0,0,2
2017,Fall,"Norman, Craig",ESL,D261,ESL D261,5,4,0,0,0,2
2017,Fall,"Tracey, Iva",ESL,D261,ESL D261,7,0,0,0,0,0
2017,Fall,"Tracey, Iva",ESL,D261,ESL D261,12,0,0,1,0,0
2017,Fall,"Boyd, Cristin",ESL,D261,ESL D261,1,2,1,1,1,5
2017,Fall,"Wong, Letty",ESL,D261,ESL D261,3,4,4,2,0,1
2017,Fall,"Barasch-Kane, Nancy",ESL,D262,ESL D262,7,6,0,0,0,4
2017,Fall,"Norman, Craig",ESL,D262,ESL D262,8,4,2,0,1,2
2017,Fall,"Hamilton, Webster",ESL,D262,ESL D262,7,2,3,0,0,0
2017,Fall,"Cabral, Lucinda",ESL,D262,ESL D262,0,2,1,0,0,1
2017,Fall,"Bankston, Christopher",ESL,D262,ESL D262,5,6,1,0,1,0
2017,Fall,"Tung, Chia",ESL,D262,ESL D262,3,1,4,7,1,0
2017,Fall,"Dodd, Elizabeth",ESL,D262,ESL D262,4,3,3,0,0,1
2017,Fall,"Stranahan, Sharon",ESL,D263,ESL D263,6,7,0,0,0,4
2017,Fall,"Carrell, Tanya",ESL,D263,ESL D263,8,7,3,0,0,1
2017,Fall,"Nguyen, Lynh",ESL,D263,ESL D263,0,8,5,2,1,3
2017,Fall,"Thistlethwaite, Ann",ESL,D263,ESL D263,2,4,0,0,1,2
2017,Fall,"Anderson, Elaine",ESL,D263,ESL D263,4,8,3,0,1,1
2017,Fall,"Thistlethwaite, Ann",ESL,D263,ESL D263,5,4,5,0,2,1
2017,Fall,"Tung, Chia",ESL,D263,ESL D263,3,3,5,1,0,1
2017,Fall,"Haven, Kathleen",ESL,D263,ESL D263,10,4,0,0,2,0
2017,Fall,"Culver, Matthew",ESL,D263,ESL D263,1,1,0,0,0,0
2017,Fall,"Bankston, Christopher",ESL,D272,ESL D272,10,7,3,0,0,0
2017,Fall,"Goodwin, Mary Ellen",ESL,D272,ESL D272,2,1,2,0,0,3
2017,Fall,"Marin, Maria",ESL,D272,ESL D272,7,2,1,0,1,0
2017,Fall,"Marin, Maria",ESL,D272,ESL D272,4,5,1,1,0,5
2017,Fall,"Marin, Maria",ESL,D272,ESL D272,4,0,1,0,0,3
2017,Fall,"Goodwin, Mary Ellen",ESL,D272,ESL D272,2,3,3,0,0,1
2017,Fall,"Marchiano, Michelle",ESL,D273,ESL D273,1,8,0,2,0,2
2017,Fall,"Carobus, Patricia",ESL,D273,ESL D273,1,4,1,2,0,0
2017,Fall,"Newman, Cheri",ESL,D273,ESL D273,4,3,0,0,0,1
2017,Fall,"Yee, Linda",ESL,D273,ESL D273,1,4,1,0,0,6
2017,Fall,"Tung, Chia",ESL,D273,ESL D273,4,1,2,2,0,2
2017,Fall,"Cabral, Lucinda",ESL,D273,ESL D273,3,5,2,2,0,4
2017,Fall,"Dubarry, Michele",ESL,D274,ESL D274,3,1,1,1,0,2
2017,Summer,"Tung, Chia",ESL,D005,ESL D005,3,11,4,0,0,0
2017,Summer,"Newman, Cheri",ESL,D005,ESL D005,5,8,3,0,0,0
2017,Summer,"Ormeno, Valerie",ESL,D234,ESL D234,7,3,2,0,1,1
2017,Summer,"Betlach, Marcy",ESL,D244,ESL D244,1,4,5,0,2,2
2017,Summer,"Hamilton, Webster",ESL,D244,ESL D244,4,9,0,0,0,0
2017,Summer,"Goksel-Demir, Ebru",ESL,D244,ESL D244,3,3,0,2,0,5
2017,Summer,"Norman, Craig",ESL,D251,ESL D251,2,11,1,0,0,1
2017,Summer,"Wong, Letty",ESL,D251,ESL D251,7,3,1,0,0,2
2017,Summer,"Wong, Letty",ESL,D251,ESL D251,7,7,1,0,0,3
2017,Summer,"Cooper, Susan",ESL,D251,ESL D251,6,4,0,0,0,3
2017,Summer,"Norman, Craig",ESL,D252,ESL D252,9,4,3,0,0,1
2017,Summer,"Tung, Chia",ESL,D252,ESL D252,5,4,0,0,0,0
2017,Summer,"Boerner, Karen",ESL,D252,ESL D252,6,3,3,0,1,1
2017,Summer,"Lee, Charles",ESL,D253,ESL D253,2,10,7,0,1,2
2017,Summer,"Lee, Charles",ESL,D253,ESL D253,0,2,4,0,0,0
2017,Summer,"Boerner, Karen",ESL,D253,ESL D253,7,6,1,0,0,0
2017,Summer,"Newman, Cheri",ESL,D253,ESL D253,5,4,0,1,1,2
2017,Summer,"Tracey, Iva",ESL,D261,ESL D261,16,1,0,0,0,1
2017,Summer,"Collato, Lisa",ESL,D261,ESL D261,11,2,1,0,0,1
2017,Summer,"Cooper, Susan",ESL,D261,ESL D261,12,2,0,0,0,0
2017,Summer,"Collato, Lisa",ESL,D262,ESL D262,10,3,0,0,0,1
2017,Summer,"Marianetti, Noel",ESL,D262,ESL D262,5,3,1,1,1,0
2017,Summer,"Haven, Kathleen",ESL,D262,ESL D262,15,0,0,0,0,1
2017,Summer,"Goodwin, Mary Ellen",ESL,D263,ESL D263,3,6,4,0,0,0
2017,Summer,"Goodwin, Mary Ellen",ESL,D263,ESL D263,2,5,2,0,0,1
2017,Summer,"Ouyang, Caroline",ESL,D263,ESL D263,4,0,1,0,0,3
2017,Summer,"Marin, Maria",ESL,D272,ESL D272,0,2,1,0,0,2
2017,Summer,"Marin, Maria",ESL,D272,ESL D272,2,5,1,0,2,1
2017,Summer,"Marianetti, Noel",ESL,D272,ESL D272,3,3,0,0,0,0
2017,Summer,"Tracey, Iva",ESL,D273,ESL D273,5,4,0,0,0,0
2017,Summer,"Marchiano, Michelle",ESL,D273,ESL D273,1,4,1,0,0,0
2017,Summer,"Marchiano, Michelle",ESL,D273,ESL D273,0,3,0,1,0,1
2018,Spring,"Chai, Christine",ESL,D005,ESL D005,4,8,4,0,0,0
2018,Spring,"Ormeno, Valerie",ESL,D005,ESL D005,6,3,0,0,1,3
2018,Spring,"Tracey, Iva",ESL,D005,ESL D005,20,2,1,0,1,0
2018,Spring,"Ouyang, Caroline",ESL,D005,ESL D005,11,2,0,2,1,1
2018,Spring,"Lam, Clara",ESL,D006,ESL D006,2,9,2,0,0,0
2018,Spring,"Tracey, Iva",ESL,D234,ESL D234,19,3,0,0,0,1
2018,Spring,"Carobus, Patricia",ESL,D234,ESL D234,10,2,3,1,3,0
2018,Spring,"Flores, Kathy",ESL,D244,ESL D244,2,6,6,1,5,4
2018,Spring,"Wong, Letty",ESL,D244,ESL D244,4,10,2,0,2,0
2018,Spring,"Yee, Linda",ESL,D244,ESL D244,5,8,3,2,2,1
2018,Spring,"Betlach, Marcy",ESL,D244,ESL D244,1,5,5,0,6,0
2018,Spring,"Molino-Torres, Alejandro",ESL,D244,ESL D244,1,10,6,1,0,1
2018,Spring,"Norman, Craig",ESL,D251,ESL D251,4,7,6,0,0,2
2018,Spring,"Yee, Linda",ESL,D251,ESL D251,6,6,4,0,0,1
2018,Spring,"Norman, Craig",ESL,D251,ESL D251,3,6,4,1,0,1
2018,Spring,"Nguyen, Lynh",ESL,D251,ESL D251,0,5,3,2,2,3
2018,Spring,"Wong, Letty",ESL,D251,ESL D251,3,5,2,2,0,5
2018,Spring,"Ormeno, Valerie",ESL,D251,ESL D251,5,4,0,0,2,1
2018,Spring,"Boerner, Karen",ESL,D252,ESL D252,10,6,2,0,3,2
2018,Spring,"Bankston, Christopher",ESL,D252,ESL D252,5,5,4,0,1,1
2018,Spring,"Carobus, Patricia",ESL,D252,ESL D252,7,6,0,2,0,3
2018,Spring,"Lee, Charles",ESL,D252,ESL D252,1,6,8,0,2,2
2018,Spring,"Sklyar, Angelina",ESL,D252,ESL D252,4,7,1,0,2,2
2018,Spring,"Thot-Johnson, Iris",ESL,D252,ESL D252,5,8,2,0,0,2
2018,Spring,"Norman, Craig",ESL,D253,ESL D253,7,6,6,2,2,0
2018,Spring,"Chai, Christine",ESL,D253,ESL D253,5,8,3,0,0,2
2018,Spring,"Lee, Charles",ESL,D253,ESL D253,1,7,7,0,1,0
2018,Spring,"Kohnhorst, Lisa",ESL,D253,ESL D253,2,6,3,1,3,1
2018,Spring,"Wong, Letty",ESL,D253,ESL D253,2,5,7,3,0,1
2018,Spring,"Dubarry, Michele",ESL,D260,ESL D260,0,0,0,0,0,0
2018,Spring,"Nguyen, Lynh",ESL,D261,ESL D261,0,6,10,1,2,1
2018,Spring,"Lee, Andrea",ESL,D261,ESL D261,7,6,1,0,1,0
2018,Spring,"Dubarry, Michele",ESL,D261,ESL D261,5,6,3,1,0,2
2018,Spring,"Lee, Charles",ESL,D261,ESL D261,3,4,1,0,1,1
2018,Spring,"Norman, Craig",ESL,D261,ESL D261,6,6,1,0,2,1
2018,Spring,"Ormeno, Valerie",ESL,D261,ESL D261,4,4,2,0,0,0
2018,Spring,"Lee, Charles",ESL,D261,ESL D261,0,8,4,0,1,1
2018,Spring,"Lee, Charles",ESL,D261,ESL D261,1,4,5,0,0,1
2018,Spring,"Betlach, Marcy",ESL,D262,ESL D262,3,5,1,0,2,2
2018,Spring,"Betlach, Marcy",ESL,D262,ESL D262,2,9,4,0,1,3
2018,Spring,"Lee, Andrea",ESL,D262,ESL D262,6,1,2,0,1,2
2018,Spring,"Ormeno, Valerie",ESL,D262,ESL D262,5,4,1,0,0,0
2018,Spring,"Tracey, Iva",ESL,D262,ESL D262,9,0,1,0,0,0
2018,Spring,"Newman, Cheri",ESL,D262,ESL D262,4,6,3,0,1,0
2018,Spring,"Bankston, Christopher",ESL,D262,ESL D262,5,1,2,0,0,0
2018,Spring,"Bankston, Christopher",ESL,D262,ESL D262,9,0,2,2,0,0
2018,Spring,"Carrell, Tanya",ESL,D263,ESL D263,5,8,1,0,0,2
2018,Spring,"Culver, Matthew",ESL,D263,ESL D263,7,3,4,1,1,0
2018,Spring,"Hamilton, Webster",ESL,D263,ESL D263,4,4,3,0,0,1
2018,Spring,"Flores, Kathy",ESL,D263,ESL D263,0,2,5,1,2,2
2018,Spring,"Hamilton, Webster",ESL,D263,ESL D263,3,1,0,0,0,2
2018,Spring,"Kohnhorst, Lisa",ESL,D263,ESL D263,2,2,2,1,0,2
2018,Spring,"Newman, Cheri",ESL,D263,ESL D263,10,0,1,0,0,0
2018,Spring,"Culver, Matthew",ESL,D263,ESL D263,2,8,1,1,1,1
2018,Spring,"Lam, Clara",ESL,D272,ESL D272,4,3,1,0,0,2
2018,Spring,"Chai, Christine",ESL,D272,ESL D272,6,1,1,0,0,1
2018,Spring,"Goksel-Demir, Ebru",ESL,D272,ESL D272,4,6,1,0,0,1
2018,Spring,"Thistlethwaite, Ann",ESL,D272,ESL D272,3,1,2,0,1,3
2018,Spring,"Lam, Clara",ESL,D272,ESL D272,2,3,0,0,3,2
2018,Spring,"Mizuha, Laura",ESL,D272,ESL D272,2,4,1,0,2,0
2018,Spring,"Haven, Kathleen",ESL,D272,ESL D272,12,0,0,0,0,2
2018,Spring,"Carrell, Tanya",ESL,D273,ESL D273,3,2,2,0,1,0
2018,Spring,"Marchiano, Michelle",ESL,D273,ESL D273,1,5,3,4,0,1
2018,Spring,"Culver, Matthew",ESL,D273,ESL D273,3,4,1,0,0,1
2018,Spring,"Mizuha, Laura",ESL,D273,ESL D273,2,4,3,0,1,2
2018,Spring,"Marchiano, Michelle",ESL,D273,ESL D273,0,3,2,3,0,0
2018,Spring,"Chan, Alice",ESL,D273,ESL D273,1,4,2,2,1,1
2018,Spring,"Dubarry, Michele",ESL,D274,ESL D274,3,5,2,1,0,1
2018,Winter,"Tracey, Iva",ESL,D005,ESL D005,24,2,0,0,0,1
2018,Winter,"Lam, Clara",ESL,D005,ESL D005,4,11,1,0,1,0
2018,Winter,"Tracey, Iva",ESL,D005,ESL D005,20,5,1,0,1,1
2018,Winter,"Ouyang, Caroline",ESL,D005,ESL D005,9,10,2,1,1,0
2018,Winter,"Tracey, Iva",ESL,D234,ESL D234,19,2,0,0,0,0
2018,Winter,"Carobus, Patricia",ESL,D234,ESL D234,9,6,2,2,1,3
2018,Winter,"Kohnhorst, Lisa",ESL,D234,ESL D234,8,10,3,2,3,2
2018,Winter,"Flores, Kathy",ESL,D244,ESL D244,2,1,4,0,4,2
2018,Winter,"Betlach, Marcy",ESL,D244,ESL D244,1,6,6,0,6,1
2018,Winter,"Wong, Letty",ESL,D244,ESL D244,4,6,10,0,0,1
2018,Winter,"Molino-Torres, Alejandro",ESL,D244,ESL D244,2,9,4,3,1,0
2018,Winter,"Norman, Craig",ESL,D251,ESL D251,7,8,5,1,2,1
2018,Winter,"Norman, Craig",ESL,D251,ESL D251,3,8,4,1,0,2
2018,Winter,"Yee, Linda",ESL,D251,ESL D251,3,4,6,2,1,4
2018,Winter,"Tracey, Iva",ESL,D251,ESL D251,12,0,0,0,0,0
2018,Winter,"Boerner, Karen",ESL,D251,ESL D251,10,2,2,0,1,4
2018,Winter,"Stranahan, Sharon",ESL,D251,ESL D251,3,11,1,0,4,0
2018,Winter,"Bankston, Christopher",ESL,D251,ESL D251,9,4,2,0,0,1
2018,Winter,"Sklyar, Angelina",ESL,D252,ESL D252,3,7,5,2,1,4
2018,Winter,"Boerner, Karen",ESL,D252,ESL D252,3,7,6,0,3,0
2018,Winter,"Norman, Craig",ESL,D252,ESL D252,3,3,1,2,1,1
2018,Winter,"Lam, Clara",ESL,D252,ESL D252,8,7,2,0,1,3
2018,Winter,"Lam, Clara",ESL,D252,ESL D252,2,8,7,0,1,2
2018,Winter,"Lee, Charles",ESL,D252,ESL D252,4,6,2,0,1,1
2018,Winter,"Chai, Christine",ESL,D253,ESL D253,4,6,3,1,0,1
2018,Winter,"Lee, Charles",ESL,D253,ESL D253,3,6,6,0,2,0
2018,Winter,"Norman, Craig",ESL,D253,ESL D253,7,6,1,2,0,1
2018,Winter,"Lee, Charles",ESL,D253,ESL D253,3,4,4,0,4,0
2018,Winter,"Hamilton, Webster",ESL,D253,ESL D253,5,2,1,2,1,0
2018,Winter,"Goodwin, Mary Ellen",ESL,D253,ESL D253,5,6,3,0,2,3
2018,Winter,"Wong, Letty",ESL,D253,ESL D253,4,6,6,2,0,2
2018,Winter,"Dubarry, Michele",ESL,D260,ESL D260,0,0,0,0,0,0
2018,Winter,"Hamilton, Webster",ESL,D261,ESL D261,15,4,0,0,0,0
2018,Winter,"Norman, Craig",ESL,D261,ESL D261,6,10,1,0,1,0
2018,Winter,"Norman, Craig",ESL,D261,ESL D261,11,6,0,0,0,0
2018,Winter,"Hamilton, Webster",ESL,D261,ESL D261,6,2,0,1,0,1
2018,Winter,"Lee, Charles",ESL,D261,ESL D261,2,5,3,0,0,0
2018,Winter,"Bankston, Christopher",ESL,D261,ESL D261,10,2,2,0,0,1
2018,Winter,"Wong, Letty",ESL,D261,ESL D261,6,8,4,1,0,1
2018,Winter,"Lee, Charles",ESL,D261,ESL D261,2,7,1,0,0,4
2018,Winter,"Himes, Gretchen",ESL,D262,ESL D262,8,4,2,1,1,0
2018,Winter,"Dubarry, Michele",ESL,D262,ESL D262,3,3,0,0,0,0
2018,Winter,"Lee, Andrea",ESL,D262,ESL D262,5,7,3,1,2,0
2018,Winter,"Betlach, Marcy",ESL,D262,ESL D262,8,2,2,0,3,1
2018,Winter,"Betlach, Marcy",ESL,D262,ESL D262,2,8,3,0,0,1
2018,Winter,"Dodd, Elizabeth",ESL,D262,ESL D262,3,1,0,0,1,2
2018,Winter,"Barasch-Kane, Nancy",ESL,D262,ESL D262,6,3,1,0,0,3
2018,Winter,"Lee, Andrea",ESL,D262,ESL D262,5,6,4,1,0,0
2018,Winter,"Carrell, Tanya",ESL,D263,ESL D263,4,4,5,0,1,0
2018,Winter,"Nguyen, Lynh",ESL,D263,ESL D263,0,9,2,1,2,2
2018,Winter,"Chai, Christine",ESL,D263,ESL D263,6,4,1,0,0,0
2018,Winter,"Flores, Kathy",ESL,D263,ESL D263,2,3,6,0,4,2
2018,Winter,"Newman, Cheri",ESL,D263,ESL D263,2,7,0,1,2,0
2018,Winter,"Kohnhorst, Lisa",ESL,D263,ESL D263,2,6,0,0,0,2
2018,Winter,"Anderson, Elaine",ESL,D263,ESL D263,1,12,5,0,0,0
2018,Winter,"Newman, Cheri",ESL,D263,ESL D263,3,3,2,0,1,1
2018,Winter,"Tung, Chia",ESL,D263,ESL D263,1,5,6,0,0,3
2018,Winter,"Thistlethwaite, Ann",ESL,D272,ESL D272,1,3,0,0,0,0
2018,Winter,"Lam, Clara",ESL,D272,ESL D272,4,8,2,0,1,2
2018,Winter,"Marin, Maria",ESL,D272,ESL D272,8,6,1,0,1,2
2018,Winter,"Marin, Maria",ESL,D272,ESL D272,3,4,0,0,0,1
2018,Winter,"Chai, Christine",ESL,D272,ESL D272,1,2,0,0,0,0
2018,Winter,"Thistlethwaite, Ann",ESL,D272,ESL D272,3,4,1,0,0,0
2018,Winter,"Goodwin, Mary Ellen",ESL,D272,ESL D272,3,6,1,1,2,1
2018,Winter,"Carobus, Patricia",ESL,D273,ESL D273,5,1,0,0,0,1
2018,Winter,"Stranahan, Sharon",ESL,D273,ESL D273,3,0,1,0,2,0
2018,Winter,"Boyd, Cristin",ESL,D273,ESL D273,3,3,0,4,0,2
2018,Winter,"Yee, Linda",ESL,D273,ESL D273,6,6,0,2,0,4
2018,Winter,"Yee, Linda",ESL,D273,ESL D273,4,1,4,1,0,1
2018,Winter,"Tung, Chia",ESL,D273,ESL D273,7,0,0,1,0,1
2018,Winter,"Cabral, Lucinda",ESL,D273,ESL D273,7,2,0,0,0,3
2018,Fall,"Bankston, Christopher",ESL,D005,ESL D005,20,4,3,1,1,1
2018,Fall,"Marchiano, Michelle",ESL,D005,ESL D005,3,4,5,4,1,4
2018,Fall,"Tracey, Iva",ESL,D005,ESL D005,16,3,1,0,0,3
2018,Fall,"Tung, Chia",ESL,D005,ESL D005,6,5,5,0,1,9
2018,Fall,"Kohnhorst, Lisa",ESL,D234,ESL D234,7,8,6,0,2,2
2018,Fall,"Ormeno, Valerie",ESL,D234,ESL D234,6,7,5,0,3,0
2018,Fall,"Molino-Torres, Alejandro",ESL,D234,ESL D234,1,6,9,0,1,1
2018,Fall,"Yee, Linda",ESL,D244,ESL D244,9,6,3,1,1,2
2018,Fall,"Hamilton, Webster",ESL,D244,ESL D244,17,5,3,1,0,0
2018,Fall,"Carobus, Patricia",ESL,D244,ESL D244,9,8,2,3,1,0
2018,Fall,"Kohnhorst, Lisa",ESL,D244,ESL D244,6,4,4,3,1,2
2018,Fall,"Boerner, Karen",ESL,D244,ESL D244,8,4,7,0,3,0
2018,Fall,"Nguyen, Lynh",ESL,D251,ESL D251,0,4,3,3,1,1
2018,Fall,"Norman, Craig",ESL,D251,ESL D251,1,13,6,0,2,0
2018,Fall,"Dubarry, Michele",ESL,D251,ESL D251,9,5,0,0,0,5
2018,Fall,"Norman, Craig",ESL,D251,ESL D251,6,5,1,0,0,1
2018,Fall,"Tracey, Iva",ESL,D251,ESL D251,16,0,1,0,1,0
2018,Fall,"Marin, Maria",ESL,D251,ESL D251,12,1,0,0,0,1
2018,Fall,"Ormeno, Valerie",ESL,D251,ESL D251,7,4,0,0,1,4
2018,Fall,"Carrell, Tanya",ESL,D252,ESL D252,11,3,1,0,1,1
2018,Fall,"Sklyar, Angelina",ESL,D252,ESL D252,10,5,4,0,0,1
2018,Fall,"Tracey, Iva",ESL,D252,ESL D252,18,0,0,0,0,1
2018,Fall,"Newman, Cheri",ESL,D252,ESL D252,4,7,4,1,1,0
2018,Fall,"Thot-Johnson, Iris",ESL,D252,ESL D252,7,8,1,0,0,2
2018,Fall,"Ouyang, Caroline",ESL,D252,ESL D252,18,0,1,0,1,0
2018,Fall,"Norman, Craig",ESL,D253,ESL D253,7,6,5,1,0,3
2018,Fall,"Chai, Christine",ESL,D253,ESL D253,12,2,2,0,1,0
2018,Fall,"Boyd, Cristin",ESL,D253,ESL D253,11,4,1,1,0,1
2018,Fall,"Goksel-Demir, Ebru",ESL,D253,ESL D253,4,6,4,2,2,1
2018,Fall,"Kohnhorst, Lisa",ESL,D253,ESL D253,3,7,2,1,1,3
2018,Fall,"Newman, Cheri",ESL,D253,ESL D253,4,6,2,0,0,1
2018,Fall,"Culver, Matthew",ESL,D253,ESL D253,5,2,2,3,0,2
2018,Fall,"Dubarry, Michele",ESL,D260,ESL D260,0,0,0,0,0,1
2018,Fall,"Nguyen, Lynh",ESL,D261,ESL D261,3,12,3,1,3,2
2018,Fall,"Tracey, Iva",ESL,D261,ESL D261,13,0,0,0,0,1
2018,Fall,"Tracey, Iva",ESL,D261,ESL D261,16,0,0,0,0,0
2018,Fall,"Norman, Craig",ESL,D261,ESL D261,3,9,2,0,0,1
2018,Fall,"Norman, Craig",ESL,D261,ESL D261,6,8,0,2,0,0
2018,Fall,"Mizuha, Laura",ESL,D261,ESL D261,5,5,0,0,1,2
2018,Fall,"Boyd, Cristin",ESL,D261,ESL D261,7,9,1,0,2,1
2018,Fall,"Himes, Gretchen",ESL,D262,ESL D262,8,7,1,0,1,2
2018,Fall,"Bankston, Christopher",ESL,D262,ESL D262,4,3,4,2,1,0
2018,Fall,"Himes, Gretchen",ESL,D262,ESL D262,8,2,2,0,3,2
2018,Fall,"Barasch-Kane, Nancy",ESL,D262,ESL D262,3,7,2,2,0,0
2018,Fall,"Hamilton, Webster",ESL,D262,ESL D262,5,2,2,0,0,0
2018,Fall,"Barasch-Kane, Nancy",ESL,D262,ESL D262,2,9,0,1,0,3
2018,Fall,"Carrell, Tanya",ESL,D263,ESL D263,6,5,2,1,1,2
2018,Fall,"Chai, Christine",ESL,D263,ESL D263,5,7,0,0,0,0
2018,Fall,"Cabral, Lucinda",ESL,D263,ESL D263,11,4,1,0,1,2
2018,Fall,"Chan, Alice",ESL,D263,ESL D263,6,3,4,0,0,0
2018,Fall,"Thistlethwaite, Ann",ESL,D263,ESL D263,5,3,5,0,1,2
2018,Fall,"Chan, Alice",ESL,D263,ESL D263,3,8,0,0,3,3
2018,Fall,"Goodwin, Mary Ellen",ESL,D272,ESL D272,5,3,2,1,1,2
2018,Fall,"Chai, Christine",ESL,D272,ESL D272,11,1,0,0,0,0
2018,Fall,"Marin, Maria",ESL,D272,ESL D272,2,1,3,0,0,1
2018,Fall,"Newman, Cheri",ESL,D272,ESL D272,3,5,2,0,0,1
2018,Fall,"Mizuha, Laura",ESL,D272,ESL D272,4,2,2,1,0,2
2018,Fall,"Carobus, Patricia",ESL,D273,ESL D273,3,4,0,0,1,0
2018,Fall,"Marchiano, Michelle",ESL,D273,ESL D273,1,2,2,1,0,3
2018,Fall,"Yee, Linda",ESL,D273,ESL D273,3,6,0,3,2,1
2018,Fall,"Tung, Chia",ESL,D273,ESL D273,4,7,0,3,0,3
2018,Fall,"Thistlethwaite, Ann",ESL,D273,ESL D273,5,6,0,1,1,0
2018,Summer,"Marianetti, Noel",ESL,D005,ESL D005,6,9,1,0,1,1
2018,Summer,"Ouyang, Caroline",ESL,D005,ESL D005,5,2,1,0,0,1
2018,Summer,"Ormeno, Valerie",ESL,D234,ESL D234,2,11,3,0,1,1
2018,Summer,"Betlach, Marcy",ESL,D244,ESL D244,2,4,5,0,1,1
2018,Summer,"Hamilton, Webster",ESL,D244,ESL D244,7,6,0,0,0,2
2018,Summer,"Chan, Alice",ESL,D251,ESL D251,6,7,3,0,0,3
2018,Summer,"Norman, Craig",ESL,D251,ESL D251,6,6,1,0,0,0
2018,Summer,"Boerner, Karen",ESL,D251,ESL D251,6,2,1,0,3,2
2018,Summer,"Norman, Craig",ESL,D252,ESL D252,8,3,1,2,0,0
2018,Summer,"Boerner, Karen",ESL,D252,ESL D252,6,3,3,0,1,0
2018,Summer,"Chai, Christine",ESL,D253,ESL D253,6,5,1,0,0,1
2018,Summer,"Lee, Charles",ESL,D253,ESL D253,4,11,2,0,2,0
2018,Summer,"Dubarry, Michele",ESL,D260,ESL D260,0,0,0,0,0,2
2018,Summer,"Bankston, Christopher",ESL,D261,ESL D261,8,2,1,0,0,2
2018,Summer,"Marchiano, Michelle",ESL,D261,ESL D261,6,3,0,0,0,4
2018,Summer,"Collato, Lisa",ESL,D262,ESL D262,10,0,0,0,0,2
2018,Summer,"Marchiano, Michelle",ESL,D262,ESL D262,2,8,1,0,2,2
2018,Summer,"Newman, Cheri",ESL,D263,ESL D263,4,3,1,0,1,1
2018,Summer,"Marin, Maria",ESL,D272,ESL D272,2,0,1,0,0,4
2018,Summer,"Marin, Maria",ESL,D272,ESL D272,4,1,0,0,0,2
2018,Summer,"Haven, Kathleen",ESL,D273,ESL D273,11,3,0,0,0,0
2018,Summer,"Carrell, Tanya",ESL,D273,ESL D273,0,0,0,0,0,2
2019,Spring,"Tracey, Iva",ESL,D005,ESL D005,26,0,1,0,0,0
2019,Winter,"Bankston, Christopher",ESL,D005,ESL D005,23,3,1,0,2,1
2019,Spring,"Bankston, Christopher",ESL,D005,ESL D005,18,4,2,1,1,1
2019,Winter,"Tracey, Iva",ESL,D005,ESL D005,18,5,2,0,0,2
2019,Winter,"Tracey, Iva",ESL,D251,ESL D251,15,0,0,0,1,0
2019,Winter,"Dubarry, Michele",ESL,D261,ESL D261,15,4,1,0,0,1
2019,Winter,"Tracey, Iva",ESL,D261,ESL D261,14,0,0,0,1,1
2019,Spring,"Ouyang, Caroline",ESL,D005,ESL D005,13,2,2,0,1,1
2019,Spring,"Tracey, Iva",ESL,D261,ESL D261,12,1,0,0,0,2
2019,Winter,"Chai, Christine",ESL,D253,ESL D253,12,1,2,0,0,0
2019,Winter,"Chai, Christine",ESL,D263,ESL D263,12,3,0,0,0,1
2019,Spring,"Tracey, Iva",ESL,D261,ESL D261,11,1,0,0,0,0
2019,Spring,"Norman, Craig",ESL,D262,ESL D262,11,8,1,1,0,0
2019,Spring,"Boyd, Cristin",ESL,D272,ESL D272,11,6,2,0,0,1
2019,Winter,"Marin, Maria",ESL,D251,ESL D251,11,4,1,0,0,3
2019,Winter,"Boerner, Karen",ESL,D262,ESL D262,11,2,1,0,1,2
2019,Winter,"Himes, Gretchen",ESL,D263,ESL D263,11,3,1,0,1,0
2019,Spring,"Tracey, Iva",ESL,D262,ESL D262,10,1,0,0,0,2
2019,Spring,"Bankston, Christopher",ESL,D262,ESL D262,10,6,0,0,1,1
2019,Spring,"Marin, Maria",ESL,D272,ESL D272,10,3,1,0,0,0
2019,Winter,"Hamilton, Webster",ESL,D252,ESL D252,10,9,2,1,0,0
2019,Winter,"Norman, Craig",ESL,D262,ESL D262,10,6,1,1,1,0
2019,Winter,"Tracey, Iva",ESL,D262,ESL D262,10,3,0,0,1,0
2019,Spring,"Dodd, Elizabeth",ESL,D252,ESL D252,9,4,5,1,1,1
2019,Winter,"Kohnhorst, Lisa",ESL,D244,ESL D244,9,8,4,1,1,1
2019,Winter,"Norman, Craig",ESL,D261,ESL D261,9,3,2,0,0,0
2019,Winter,"Hamilton, Webster",ESL,D262,ESL D262,9,1,0,1,0,1
2019,Spring,"Hamilton, Webster",ESL,D253,ESL D253,8,6,5,0,0,1
2019,Spring,"Thistlethwaite, Ann",ESL,D273,ESL D273,8,2,0,0,0,1
2019,Spring,"Dubarry, Michele",ESL,D274,ESL D274,8,6,2,0,0,2
2019,Winter,"Yee, Linda",ESL,D251,ESL D251,8,6,5,4,0,1
2019,Winter,"Carrell, Tanya",ESL,D263,ESL D263,8,7,2,2,0,1
2019,Winter,"Tracey, Iva",ESL,D272,ESL D272,8,2,1,0,0,0
2019,Winter,"Chai, Christine",ESL,D272,ESL D272,8,3,0,0,0,1
2019,Spring,"Yee, Linda",ESL,D251,ESL D251,7,4,7,1,0,0
2019,Spring,"Carrell, Tanya",ESL,D263,ESL D263,7,9,0,0,1,1
2019,Spring,"Culver, Matthew",ESL,D263,ESL D263,7,6,1,2,0,0
2019,Spring,"Tung, Chia",ESL,D263,ESL D263,7,5,1,1,0,1
2019,Spring,"Carobus, Patricia",ESL,D273,ESL D273,7,3,1,2,0,0
2019,Winter,"Tung, Chia",ESL,D244,ESL D244,7,14,1,2,0,1
2019,Winter,"Ormeno, Valerie",ESL,D251,ESL D251,7,4,4,0,2,0
2019,Winter,"Tung, Chia",ESL,D263,ESL D263,7,4,2,1,0,0
2019,Winter,"Marin, Maria",ESL,D272,ESL D272,7,5,0,0,0,5
2019,Spring,"Flores, Kathy",ESL,D234,ESL D234,6,9,3,1,5,0
2019,Spring,"Norman, Craig",ESL,D253,ESL D253,6,12,4,1,1,0
2019,Spring,"Betlach, Marcy",ESL,D261,ESL D261,6,7,2,0,0,5
2019,Spring,"Norman, Craig",ESL,D262,ESL D262,6,6,5,0,1,0
2019,Spring,"Hamilton, Webster",ESL,D263,ESL D263,6,5,0,0,0,1
2019,Spring,"Marin, Maria",ESL,D272,ESL D272,6,7,1,1,0,1
2019,Spring,"Cabral, Lucinda",ESL,D273,ESL D273,6,4,1,1,0,1
2019,Winter,"Stranahan, Sharon",ESL,D253,ESL D253,6,5,0,0,4,1
2019,Winter,"Lee, Andrea",ESL,D261,ESL D261,6,7,1,0,0,0
2019,Winter,"Stranahan, Sharon",ESL,D273,ESL D273,6,0,0,0,0,1
2019,Spring,"Lam, Clara",ESL,D005,ESL D005,5,2,2,0,2,0
2019,Spring,"Barasch-Kane, Nancy",ESL,D251,ESL D251,5,7,4,1,0,0
2019,Spring,"Marin, Maria",ESL,D251,ESL D251,5,3,1,1,0,2
2019,Spring,"Thot-Johnson, Iris",ESL,D252,ESL D252,5,8,1,0,0,2
2019,Spring,"Kohnhorst, Lisa",ESL,D253,ESL D253,5,10,2,1,2,2
2019,Winter,"Flores, Kathy",ESL,D234,ESL D234,5,11,3,1,4,0
2019,Winter,"Dubarry, Michele",ESL,D261,ESL D261,5,2,4,3,0,0
2019,Winter,"Betlach, Marcy",ESL,D261,ESL D261,5,5,1,0,4,3
2019,Winter,"Newman, Cheri",ESL,D273,ESL D273,5,2,1,0,0,0
2019,Winter,"Marin, Maria",ESL,D273,ESL D273,5,1,1,0,1,9
2019,Spring,"Himes, Gretchen",ESL,D252,ESL D252,4,5,1,0,3,5
2019,Spring,"Sklyar, Angelina",ESL,D252,ESL D252,4,6,4,0,0,2
2019,Spring,"Barasch-Kane, Nancy",ESL,D262,ESL D262,4,1,1,1,0,1
2019,Winter,"Norman, Craig",ESL,D251,ESL D251,4,9,2,1,1,0
2019,Winter,"Lee, Charles",ESL,D252,ESL D252,4,9,3,0,2,0
2019,Winter,"Norman, Craig",ESL,D252,ESL D252,4,6,5,0,1,0
2019,Winter,"Norman, Craig",ESL,D253,ESL D253,4,8,0,0,0,1
2019,Winter,"Lam, Clara",ESL,D262,ESL D262,4,4,2,0,1,0
2019,Winter,"Goodwin, Mary Ellen",ESL,D263,ESL D263,4,3,4,0,2,0
2019,Winter,"Kohnhorst, Lisa",ESL,D263,ESL D263,4,3,2,0,1,1
2019,Winter,"Lam, Clara",ESL,D272,ESL D272,4,9,2,0,0,0
2019,Winter,"Goodwin, Mary Ellen",ESL,D273,ESL D273,4,5,1,1,0,2
2019,Spring,"Ormeno, Valerie",ESL,D234,ESL D234,3,2,6,0,4,0
2019,Spring,"Betlach, Marcy",ESL,D244,ESL D244,3,8,12,0,2,1
2019,Spring,"Yee, Linda",ESL,D244,ESL D244,3,5,1,3,1,1
2019,Spring,"Topalovic, Jasmina",ESL,D244,ESL D244,3,9,7,0,0,3
2019,Spring,"Betlach, Marcy",ESL,D251,ESL D251,3,10,3,0,1,1
2019,Spring,"Lee, Charles",ESL,D252,ESL D252,3,4,8,0,1,2
2019,Spring,"Boyd, Cristin",ESL,D261,ESL D261,3,4,2,0,0,2
2019,Spring,"Carrell, Tanya",ESL,D263,ESL D263,3,6,1,1,0,4
2019,Spring,"Marchiano, Michelle",ESL,D273,ESL D273,3,7,2,1,0,0
2019,Winter,"Yee, Linda",ESL,D244,ESL D244,3,8,2,3,2,1
2019,Winter,"Thistlethwaite, Ann",ESL,D252,ESL D252,3,4,4,4,2,2
2019,Winter,"Chai, Christine",ESL,D253,ESL D253,3,5,5,2,0,0
2019,Winter,"Lee, Charles",ESL,D261,ESL D261,3,8,1,0,0,0
2019,Winter,"Betlach, Marcy",ESL,D262,ESL D262,3,7,2,0,4,1
2019,Winter,"Newman, Cheri",ESL,D273,ESL D273,3,1,0,2,0,2
2019,Spring,"Lam, Clara",ESL,D252,ESL D252,2,6,1,0,1,0
2019,Spring,"Lam, Clara",ESL,D262,ESL D262,2,8,0,0,0,1
2019,Spring,"Goodwin, Mary Ellen",ESL,D273,ESL D273,2,4,2,0,0,1
2019,Winter,"Wong, Letty",ESL,D252,ESL D252,2,8,5,6,1,0
2019,Winter,"Lee, Charles",ESL,D253,ESL D253,2,9,6,0,2,1
2019,Winter,"Wong, Letty",ESL,D261,ESL D261,2,4,3,2,3,2
2019,Winter,"Betlach, Marcy",ESL,D262,ESL D262,2,7,5,0,3,2
2019,Winter,"Betlach, Marcy",ESL,D262,ESL D262,2,2,2,0,2,3
2019,Winter,"Flores, Kathy",ESL,D263,ESL D263,2,2,6,1,3,3
2019,Winter,"Marin, Maria",ESL,D272,ESL D272,2,3,2,0,1,3
2019,Winter,"Marchiano, Michelle",ESL,D273,ESL D273,2,5,3,2,0,0
2019,Spring,"Norman, Craig",ESL,D251,ESL D251,1,10,4,1,1,3
2019,Spring,"Lee, Charles",ESL,D261,ESL D261,1,10,1,0,0,0
2019,Spring,"Lee, Charles",ESL,D261,ESL D261,1,1,2,0,3,4
2019,Spring,"Chai, Christine",ESL,D272,ESL D272,1,1,3,0,0,0
2019,Spring,"Newman, Cheri",ESL,D273,ESL D273,1,1,0,1,0,1
2019,Winter,"Lam, Clara",ESL,D005,ESL D005,1,15,0,0,3,4
2019,Winter,"Norman, Craig",ESL,D251,ESL D251,1,4,4,1,0,0
2019,Winter,"Lee, Charles",ESL,D253,ESL D253,1,7,5,0,4,0
2019,Spring,"Lee, Charles",ESL,D253,ESL D253,0,9,8,0,2,1
2019,Spring,"Dubarry, Michele",ESL,D260,ESL D260,0,0,0,0,0,0
2019,Spring,"Flores, Kathy",ESL,D263,ESL D263,0,1,8,2,3,0
2019,Spring,"Lam, Clara",ESL,D272,ESL D272,0,6,0,0,0,1
2019,Winter,"Dubarry, Michele",ESL,D260,ESL D260,0,0,0,0,0,1